domain,dataset,source_run_id,source_enrichment_id,registration_date,registration_status,source_keywords,source_ranks,observed_at
apple.com,hardware-audio-2026-08-27,20260827173244786_76b529ae-cff3-475c-9d5b-383ecb8bb714,20260827184629820_cf500358-9bf4-4cbb-bad4-ccbe30e28c48,1987-02-19T05:00:00Z,ok,"touch screen test,tone generator",touch screen test:4|tone generator:4|tone generator:6,2026-08-27T18:46:36.185Z
attackshark.com,hardware-audio-2026-08-27,20260827173244786_76b529ae-cff3-475c-9d5b-383ecb8bb714,20260827184629820_cf500358-9bf4-4cbb-bad4-ccbe30e28c48,2023-02-17T19:31:54Z,ok,"mouse button test,double click test",mouse button test:4|double click test:5,2026-08-27T18:46:36.964Z
audiocheck.net,hardware-audio-2026-08-27,20260827173244786_76b529ae-cff3-475c-9d5b-383ecb8bb714,20260827184629820_cf500358-9bf4-4cbb-bad4-ccbe30e28c48,2007-11-29T13:19:13Z,ok,stereo speaker test,stereo speaker test:1,2026-08-27T18:46:31.054Z
clickspeedtester.com,hardware-audio-2026-08-27,20260827173244786_76b529ae-cff3-475c-9d5b-383ecb8bb714,20260827184629820_cf500358-9bf4-4cbb-bad4-ccbe30e28c48,2019-05-16T18:03:19Z,ok,"mouse scroll test,double click test,keyboard latency test",mouse scroll test:9|double click test:3|keyboard latency test:1,2026-08-27T18:46:31.053Z
codepen.io,hardware-audio-2026-08-27,20260827173244786_76b529ae-cff3-475c-9d5b-383ecb8bb714,20260827184629820_cf500358-9bf4-4cbb-bad4-ccbe30e28c48,,unsupported,double click test,double click test:1,2026-08-27T18:46:31.051Z
cps-check.com,hardware-audio-2026-08-27,20260827173244786_76b529ae-cff3-475c-9d5b-383ecb8bb714,20260827184629820_cf500358-9bf4-4cbb-bad4-ccbe30e28c48,2020-07-02T13:45:22Z,ok,double click test,double click test:8,2026-08-27T18:46:37.620Z
cpstest.org,hardware-audio-2026-08-27,20260827173244786_76b529ae-cff3-475c-9d5b-383ecb8bb714,20260827184629820_cf500358-9bf4-4cbb-bad4-ccbe30e28c48,2020-01-05T10:39:04.909Z,ok,"mouse button test,mouse scroll test",mouse button test:8|mouse scroll test:3,2026-08-27T18:46:37.371Z
deadpixeltest.cc,hardware-audio-2026-08-27,20260827173244786_76b529ae-cff3-475c-9d5b-383ecb8bb714,20260827184629820_cf500358-9bf4-4cbb-bad4-ccbe30e28c48,2026-01-06T01:34:54Z,ok,frame skip test,frame skip test:3,2026-08-27T18:46:32.802Z
doubleclicktest.com,hardware-audio-2026-08-27,20260827173244786_76b529ae-cff3-475c-9d5b-383ecb8bb714,20260827184629820_cf500358-9bf4-4cbb-bad4-ccbe30e28c48,2020-11-16T21:40:33Z,ok,double click test,double click test:4,2026-08-27T18:46:33.366Z
github.io,hardware-audio-2026-08-27,20260827173244786_76b529ae-cff3-475c-9d5b-383ecb8bb714,20260827184629820_cf500358-9bf4-4cbb-bad4-ccbe30e28c48,,unsupported,"mouse scroll test,audio latency test",mouse scroll test:1|audio latency test:1,2026-08-27T18:46:31.050Z
iljitsch.com,hardware-audio-2026-08-27,20260827173244786_76b529ae-cff3-475c-9d5b-383ecb8bb714,20260827184629820_cf500358-9bf4-4cbb-bad4-ccbe30e28c48,2013-12-27T10:25:22Z,ok,n key rollover test,n key rollover test:2,2026-08-27T18:46:34.815Z
keyboardtester.click,hardware-audio-2026-08-27,20260827173244786_76b529ae-cff3-475c-9d5b-383ecb8bb714,20260827184629820_cf500358-9bf4-4cbb-bad4-ccbe30e28c48,2025-02-22T17:25:05.764Z,ok,"frame skip test,n key rollover test",frame skip test:4|n key rollover test:5,2026-08-27T18:46:36.186Z
ktcplay.com,hardware-audio-2026-08-27,20260827173244786_76b529ae-cff3-475c-9d5b-383ecb8bb714,20260827184629820_cf500358-9bf4-4cbb-bad4-ccbe30e28c48,2021-06-01T08:58:18Z,ok,monitor ghosting test,monitor ghosting test:2,2026-08-27T18:46:32.383Z
mictests.com,hardware-audio-2026-08-27,20260827173244786_76b529ae-cff3-475c-9d5b-383ecb8bb714,20260827184629820_cf500358-9bf4-4cbb-bad4-ccbe30e28c48,2019-07-23T18:44:03Z,ok,mic test,mic test:1,2026-08-27T18:46:32.382Z
mtautoclicker.com,hardware-audio-2026-08-27,20260827173244786_76b529ae-cff3-475c-9d5b-383ecb8bb714,20260827184629820_cf500358-9bf4-4cbb-bad4-ccbe30e28c48,2021-04-13T09:08:42Z,ok,mouse button test,mouse button test:3,2026-08-27T18:46:32.802Z
onlinemictest.com,hardware-audio-2026-08-27,20260827173244786_76b529ae-cff3-475c-9d5b-383ecb8bb714,20260827184629820_cf500358-9bf4-4cbb-bad4-ccbe30e28c48,2013-01-28T10:24:56Z,ok,"mouse button test,touch screen test,stereo speaker test,mic test",mouse button test:1|touch screen test:1|stereo speaker test:7|mic test:7,2026-08-27T18:46:29.921Z
onlinetonegenerator.com,hardware-audio-2026-08-27,20260827173244786_76b529ae-cff3-475c-9d5b-383ecb8bb714,20260827184629820_cf500358-9bf4-4cbb-bad4-ccbe30e28c48,2011-08-09T01:19:58Z,ok,tone generator,tone generator:2,2026-08-27T18:46:34.817Z
realtimesoundmeter.org,hardware-audio-2026-08-27,20260827173244786_76b529ae-cff3-475c-9d5b-383ecb8bb714,20260827184629820_cf500358-9bf4-4cbb-bad4-ccbe30e28c48,2025-12-20T16:16:37.053Z,ok,stereo speaker test,stereo speaker test:2,2026-08-27T18:46:34.818Z
reddit.com,hardware-audio-2026-08-27,20260827173244786_76b529ae-cff3-475c-9d5b-383ecb8bb714,20260827184629820_cf500358-9bf4-4cbb-bad4-ccbe30e28c48,2005-04-29T17:59:19Z,ok,"frame skip test,mouse scroll test,double click test,n key rollover test,mic test,monitor ghosting test,keyboard latency test,audio latency test",frame skip test:6|mouse scroll test:4|double click test:7|n key rollover test:4|mic test:8|monitor ghosting test:8|keyboard latency test:4|audio latency test:8,2026-08-27T18:46:34.816Z
redragonshop.com,hardware-audio-2026-08-27,20260827173244786_76b529ae-cff3-475c-9d5b-383ecb8bb714,20260827184629820_cf500358-9bf4-4cbb-bad4-ccbe30e28c48,2018-11-12T16:05:55Z,ok,"mouse button test,mouse scroll test,double click test",mouse button test:2|mouse scroll test:8|double click test:2,2026-08-27T18:46:29.923Z
screentester.io,hardware-audio-2026-08-27,20260827173244786_76b529ae-cff3-475c-9d5b-383ecb8bb714,20260827184629820_cf500358-9bf4-4cbb-bad4-ccbe30e28c48,,unsupported,"touch screen test,monitor ghosting test",touch screen test:2|monitor ghosting test:3,2026-08-27T18:46:32.382Z
scrolltest.net,hardware-audio-2026-08-27,20260827173244786_76b529ae-cff3-475c-9d5b-383ecb8bb714,20260827184629820_cf500358-9bf4-4cbb-bad4-ccbe30e28c48,2025-11-27T16:23:48Z,ok,"mouse button test,mouse scroll test",mouse button test:7|mouse scroll test:2,2026-08-27T18:46:32.803Z
sound-tester.com,hardware-audio-2026-08-27,20260827173244786_76b529ae-cff3-475c-9d5b-383ecb8bb714,20260827184629820_cf500358-9bf4-4cbb-bad4-ccbe30e28c48,2025-12-12T05:48:56Z,ok,audio latency test,audio latency test:2,2026-08-27T18:46:32.046Z
szynalski.com,hardware-audio-2026-08-27,20260827173244786_76b529ae-cff3-475c-9d5b-383ecb8bb714,20260827184629820_cf500358-9bf4-4cbb-bad4-ccbe30e28c48,2004-05-31T14:33:11Z,ok,tone generator,tone generator:1,2026-08-27T18:46:31.053Z
testufo.com,hardware-audio-2026-08-27,20260827173244786_76b529ae-cff3-475c-9d5b-383ecb8bb714,20260827184629820_cf500358-9bf4-4cbb-bad4-ccbe30e28c48,2012-11-07T19:43:12Z,ok,"frame skip test,monitor ghosting test",frame skip test:1|frame skip test:7|monitor ghosting test:1|monitor ghosting test:4,2026-08-27T18:46:29.922Z
tonal.fm,hardware-audio-2026-08-27,20260827173244786_76b529ae-cff3-475c-9d5b-383ecb8bb714,20260827184629820_cf500358-9bf4-4cbb-bad4-ccbe30e28c48,2025-04-07T00:37:11.0Z,ok,audio latency test,audio latency test:3,2026-08-27T18:46:35.621Z
typequicker.com,hardware-audio-2026-08-27,20260827173244786_76b529ae-cff3-475c-9d5b-383ecb8bb714,20260827184629820_cf500358-9bf4-4cbb-bad4-ccbe30e28c48,2023-08-05T21:35:56Z,ok,"n key rollover test,keyboard latency test",n key rollover test:1|keyboard latency test:3,2026-08-27T18:46:31.052Z
webcammictest.com,hardware-audio-2026-08-27,20260827173244786_76b529ae-cff3-475c-9d5b-383ecb8bb714,20260827184629820_cf500358-9bf4-4cbb-bad4-ccbe30e28c48,2013-08-17T07:14:20Z,ok,mic test,mic test:2,2026-08-27T18:46:36.184Z
xbitlabs.com,hardware-audio-2026-08-27,20260827173244786_76b529ae-cff3-475c-9d5b-383ecb8bb714,20260827184629820_cf500358-9bf4-4cbb-bad4-ccbe30e28c48,2000-10-23T22:23:12Z,ok,"frame skip test,mouse scroll test,double click test,n key rollover test,touch screen test,monitor ghosting test,keyboard latency test",frame skip test:2|mouse scroll test:5|double click test:6|n key rollover test:6|touch screen test:3|monitor ghosting test:6|keyboard latency test:2,2026-08-27T18:46:29.923Z
youtube.com,hardware-audio-2026-08-27,20260827173244786_76b529ae-cff3-475c-9d5b-383ecb8bb714,20260827184629820_cf500358-9bf4-4cbb-bad4-ccbe30e28c48,2005-02-15T05:13:12Z,ok,"mouse scroll test,double click test,tone generator,stereo speaker test,mic test,monitor ghosting test,keyboard latency test",mouse scroll test:10|double click test:9|tone generator:8|stereo speaker test:5|mic test:9|monitor ghosting test:5|keyboard latency test:6,2026-08-27T18:46:36.185Z
100printswith.me,utility-market-scan-2026-08-30,20260830120615230_cfd8c9e8-2430-4511-b66c-1ba05de6979d,20260830141942577_32d2ceb1-c30d-4b55-bd69-2a15e47e722a,,unsupported,certificate template with names from csv,certificate template with names from csv:1,2026-08-30T14:19:51.376Z
bannerbear.com,utility-market-scan-2026-08-30,20260830120615230_cfd8c9e8-2430-4511-b66c-1ba05de6979d,20260830141942577_32d2ceb1-c30d-4b55-bd69-2a15e47e722a,2019-12-24T09:15:41Z,ok,"automatic certificate generator,certificate generator software",automatic certificate generator:1|certificate generator software:4,2026-08-30T14:19:50.875Z
calculatewebsitecost.com,utility-market-scan-2026-08-30,20260830120615230_cfd8c9e8-2430-4511-b66c-1ba05de6979d,20260830141942577_32d2ceb1-c30d-4b55-bd69-2a15e47e722a,2015-12-17T22:35:40Z,ok,"website quote calculator,pricing calculator for website",website quote calculator:1|pricing calculator for website:1,2026-08-30T14:19:45.034Z
canva.com,utility-market-scan-2026-08-30,20260830120615230_cfd8c9e8-2430-4511-b66c-1ba05de6979d,20260830141942577_32d2ceb1-c30d-4b55-bd69-2a15e47e722a,2001-05-05T00:03:52Z,ok,"dynamic qr code generator,qr code tracking software,best dynamic qr code generator,automatic certificate generator,certificate generator software,pdf tools online",dynamic qr code generator:2|qr code tracking software:7|best dynamic qr code generator:4|automatic certificate generator:4|certificate generator software:1|pdf tools online:7,2026-08-30T14:19:51.374Z
certifier.io,utility-market-scan-2026-08-30,20260830120615230_cfd8c9e8-2430-4511-b66c-1ba05de6979d,20260830141942577_32d2ceb1-c30d-4b55-bd69-2a15e47e722a,,unsupported,"bulk certificate generator,certificate generator from excel,automatic certificate generator,certificate generator software",bulk certificate generator:1|certificate generator from excel:1|automatic certificate generator:2|certificate generator software:2,2026-08-30T14:19:51.375Z
forbes.com,utility-market-scan-2026-08-30,20260830120615230_cfd8c9e8-2430-4511-b66c-1ba05de6979d,20260830141942577_32d2ceb1-c30d-4b55-bd69-2a15e47e722a,1993-06-17T04:00:00Z,ok,best invoice software for small business,best invoice software for small business:1,2026-08-30T14:19:48.482Z
getjobber.com,utility-market-scan-2026-08-30,20260830120615230_cfd8c9e8-2430-4511-b66c-1ba05de6979d,20260830141942577_32d2ceb1-c30d-4b55-bd69-2a15e47e722a,2011-06-06T16:30:03Z,ok,cleaning estimate calculator,cleaning estimate calculator:1,2026-08-30T14:19:46.126Z
github.com,utility-market-scan-2026-08-30,20260830120615230_cfd8c9e8-2430-4511-b66c-1ba05de6979d,20260830141942577_32d2ceb1-c30d-4b55-bd69-2a15e47e722a,2007-10-09T18:20:50Z,ok,"self hosted url shortener,self hosted invoice software,bulk certificate generator",self hosted url shortener:3|self hosted invoice software:4|bulk certificate generator:6,2026-08-30T14:19:55.305Z
hovercode.com,utility-market-scan-2026-08-30,20260830120615230_cfd8c9e8-2430-4511-b66c-1ba05de6979d,20260830141942577_32d2ceb1-c30d-4b55-bd69-2a15e47e722a,2017-10-04T21:16:46Z,ok,"dynamic qr code generator,qr code tracking software,bulk qr code generator,best dynamic qr code generator",dynamic qr code generator:1|qr code tracking software:1|bulk qr code generator:6|best dynamic qr code generator:1,2026-08-30T14:19:44.093Z
ilovepdf.com,utility-market-scan-2026-08-30,20260830120615230_cfd8c9e8-2430-4511-b66c-1ba05de6979d,20260830141942577_32d2ceb1-c30d-4b55-bd69-2a15e47e722a,2009-12-16T13:34:21Z,ok,"pdf tools online,pdf merger online",pdf tools online:3|pdf merger online:1,2026-08-30T14:19:51.628Z
invoiceninja.org,utility-market-scan-2026-08-30,20260830120615230_cfd8c9e8-2430-4511-b66c-1ba05de6979d,20260830141942577_32d2ceb1-c30d-4b55-bd69-2a15e47e722a,2014-03-30T07:00:50.632Z,ok,self hosted invoice software,self hosted invoice software:2,2026-08-30T14:19:49.717Z
mooninvoice.com,utility-market-scan-2026-08-30,20260830120615230_cfd8c9e8-2430-4511-b66c-1ba05de6979d,20260830141942577_32d2ceb1-c30d-4b55-bd69-2a15e47e722a,2015-02-16T07:58:41Z,ok,white label invoice software,white label invoice software:1,2026-08-30T14:19:50.595Z
moving.com,utility-market-scan-2026-08-30,20260830120615230_cfd8c9e8-2430-4511-b66c-1ba05de6979d,20260830141942577_32d2ceb1-c30d-4b55-bd69-2a15e47e722a,1999-02-02T05:00:00Z,ok,moving quote calculator,moving quote calculator:1|moving quote calculator:6,2026-08-30T14:19:46.474Z
nerdwallet.com,utility-market-scan-2026-08-30,20260830120615230_cfd8c9e8-2430-4511-b66c-1ba05de6979d,20260830141942577_32d2ceb1-c30d-4b55-bd69-2a15e47e722a,2009-02-03T15:14:56Z,ok,invoice software for freelancers,invoice software for freelancers:2,2026-08-30T14:19:48.090Z
pdf24.org,utility-market-scan-2026-08-30,20260830120615230_cfd8c9e8-2430-4511-b66c-1ba05de6979d,20260830141942577_32d2ceb1-c30d-4b55-bd69-2a15e47e722a,2005-10-10T13:34:48.03Z,ok,"pdf tools online,pdf merger online",pdf tools online:1|pdf merger online:6,2026-08-30T14:19:51.377Z
pdffiller.com,utility-market-scan-2026-08-30,20260830120615230_cfd8c9e8-2430-4511-b66c-1ba05de6979d,20260830141942577_32d2ceb1-c30d-4b55-bd69-2a15e47e722a,2007-02-02T16:35:38Z,ok,"pdf tools online,pdf tools without upload,smallpdf alternative",pdf tools online:6|pdf tools without upload:7|smallpdf alternative:2,2026-08-30T14:19:52.466Z
pixoate.com,utility-market-scan-2026-08-30,20260830120615230_cfd8c9e8-2430-4511-b66c-1ba05de6979d,20260830141942577_32d2ceb1-c30d-4b55-bd69-2a15e47e722a,2020-05-19T11:53:17Z,ok,ilovepdf alternative,ilovepdf alternative:2,2026-08-30T14:19:51.922Z
qr-code-generator.com,utility-market-scan-2026-08-30,20260830120615230_cfd8c9e8-2430-4511-b66c-1ba05de6979d,20260830141942577_32d2ceb1-c30d-4b55-bd69-2a15e47e722a,2010-10-18T03:33:02Z,ok,dynamic qr code generator,dynamic qr code generator:3,2026-08-30T14:19:53.556Z
qr-codes.com,utility-market-scan-2026-08-30,20260830120615230_cfd8c9e8-2430-4511-b66c-1ba05de6979d,20260830141942577_32d2ceb1-c30d-4b55-bd69-2a15e47e722a,2011-06-06T18:11:47Z,ok,qr code tracking software,qr code tracking software:3,2026-08-30T14:19:54.508Z
qrcodekit.com,utility-market-scan-2026-08-30,20260830120615230_cfd8c9e8-2430-4511-b66c-1ba05de6979d,20260830141942577_32d2ceb1-c30d-4b55-bd69-2a15e47e722a,2017-06-11T18:17:17Z,ok,"dynamic qr code generator,best dynamic qr code generator",dynamic qr code generator:5|best dynamic qr code generator:3,2026-08-30T14:19:54.227Z
qrexplore.com,utility-market-scan-2026-08-30,20260830120615230_cfd8c9e8-2430-4511-b66c-1ba05de6979d,20260830141942577_32d2ceb1-c30d-4b55-bd69-2a15e47e722a,2011-01-14T19:24:37Z,ok,bulk qr code generator,bulk qr code generator:1,2026-08-30T14:19:43.222Z
quickchart.io,utility-market-scan-2026-08-30,20260830120615230_cfd8c9e8-2430-4511-b66c-1ba05de6979d,20260830141942577_32d2ceb1-c30d-4b55-bd69-2a15e47e722a,,unsupported,bulk qr code generator,bulk qr code generator:2,2026-08-30T14:19:53.555Z
quotewerks.com,utility-market-scan-2026-08-30,20260830120615230_cfd8c9e8-2430-4511-b66c-1ba05de6979d,20260830141942577_32d2ceb1-c30d-4b55-bd69-2a15e47e722a,1997-03-13T05:00:00Z,ok,quotation software for small business,quotation software for small business:1,2026-08-30T14:19:47.275Z
reddit.com,utility-market-scan-2026-08-30,20260830120615230_cfd8c9e8-2430-4511-b66c-1ba05de6979d,20260830141942577_32d2ceb1-c30d-4b55-bd69-2a15e47e722a,2005-04-29T17:59:19Z,ok,"dynamic qr code generator,qr code tracking software,self hosted url shortener,best dynamic qr code generator,quotation software for small business,invoice software for freelancers,self hosted invoice software,quotation and invoice software,best invoice software for small business,bulk certificate generator,certificate generator from excel,automatic certificate generator,pdf tools without upload,ilovepdf alternative,smallpdf alternative",dynamic qr code generator:6|qr code tracking software:4|self hosted url shortener:1|best dynamic qr code generator:2|quotation software for small business:2|invoice software for freelancers:1|self hosted invoice software:1|quotation and invoice software:9|best invoice software for small business:4|bulk certificate generator:2|certificate generator from excel:3|automatic certificate generator:7|pdf tools without upload:1|ilovepdf alternative:1|smallpdf alternative:1,2026-08-30T14:19:44.477Z
renderform.io,utility-market-scan-2026-08-30,20260830120615230_cfd8c9e8-2430-4511-b66c-1ba05de6979d,20260830141942577_32d2ceb1-c30d-4b55-bd69-2a15e47e722a,,unsupported,"bulk certificate generator,certificate generator from excel",bulk certificate generator:3|certificate generator from excel:2,2026-08-30T14:19:51.376Z
shlink.io,utility-market-scan-2026-08-30,20260830120615230_cfd8c9e8-2430-4511-b66c-1ba05de6979d,20260830141942577_32d2ceb1-c30d-4b55-bd69-2a15e47e722a,,unsupported,self hosted url shortener,self hosted url shortener:2,2026-08-30T14:19:45.033Z
simplepdf.com,utility-market-scan-2026-08-30,20260830120615230_cfd8c9e8-2430-4511-b66c-1ba05de6979d,20260830141942577_32d2ceb1-c30d-4b55-bd69-2a15e47e722a,2000-03-20T14:03:47Z,ok,pdf tools without upload,pdf tools without upload:2,2026-08-30T14:19:52.902Z
tenna.com,utility-market-scan-2026-08-30,20260830120615230_cfd8c9e8-2430-4511-b66c-1ba05de6979d,20260830141942577_32d2ceb1-c30d-4b55-bd69-2a15e47e722a,2003-08-29T18:11:31Z,ok,qr code tracking software,qr code tracking software:2,2026-08-30T14:19:44.478Z
websitecostcalculator.app,utility-market-scan-2026-08-30,20260830120615230_cfd8c9e8-2430-4511-b66c-1ba05de6979d,20260830141942577_32d2ceb1-c30d-4b55-bd69-2a15e47e722a,2018-05-22T18:46:07.881Z,ok,"website quote calculator,pricing calculator for website",website quote calculator:2|pricing calculator for website:2,2026-08-30T14:19:45.552Z
zoho.com,utility-market-scan-2026-08-30,20260830120615230_cfd8c9e8-2430-4511-b66c-1ba05de6979d,20260830141942577_32d2ceb1-c30d-4b55-bd69-2a15e47e722a,2004-01-16T19:05:15Z,ok,"invoice software for freelancers,quotation and invoice software,best invoice software for small business",invoice software for freelancers:4|quotation and invoice software:1|best invoice software for small business:2,2026-08-30T14:19:48.908Z
